,CustomerID,State,Model,Price,Gender,Age,SaleDate,PaymentMode,Dealer,Mileage_km,Age_group,Price_category,Sale_Year,Sale_Month,Mileage_Category
0,C1001,Tamil Nadu,X1,4993000.0,Female,64,2024-02-07 00:00:00,Installment,Unknown_Dealer,31881,Abw_Senior,Budget,2024.0,2.0,Low
1,C1002,Maharashtra,Z4,8561000.0,Male,65,2022-04-06 00:00:00,Finance,BMW Ahmedabad,39565,Abw_Senior,Mid-Range,2022.0,4.0,Low
2,C1003,Delhi,X7,15478000.0,Female,57,2024-04-25 00:00:00,Installment,BMW Delhi South,24911,Abw_Senior,Ultra-Luxury,2024.0,4.0,Low
3,C1004,Kerala,5 Series,7347000.0,Female,59,2022-03-15 00:00:00,Installment,BMW Ahmedabad,55237,Abw_Senior,Mid-Range,2022.0,3.0,High
4,C1005,Delhi,M3,9409000.0,Female,34,2024-05-08 00:00:00,EMI,BMW Jaipur,28077,Middle,Mid-Range,2024.0,5.0,Low
5,C1006,Telangana,3 Series,5555000.0,Female,30,2023-10-03 00:00:00,Cash,Unknown_Dealer,16476,Middle,Budget,2023.0,10.0,Low
6,C1007,Maharashtra,X7,14152000.0,Female,28,2022-12-24 00:00:00,Cash,Unknown_Dealer,59809,Middle,Luxury,2022.0,12.0,High
7,C1008,Rajasthan,3 Series,5395000.0,Male,45,2023-02-04 00:00:00,Installment,BMW Delhi South,47966,Adults,Budget,2023.0,2.0,High
8,C1009,Gujarat,3 Series,5945000.0,Not_specified,34,2024-04-23 00:00:00,Finance,BMW Kolkata,58957,Middle,Budget,2024.0,4.0,High
9,C1010,Telangana,X5,9199000.0,Female,21,2022-02-02 00:00:00,Installment,BMW Pune,43842,Junior,Mid-Range,2022.0,2.0,High
10,C1011,Punjab,Z4,9559000.0,Female,63,2023-02-12 00:00:00,Finance,BMW Delhi South,16295,Abw_Senior,Mid-Range,2023.0,2.0,Low
11,C1012,Gujarat,X1,4114000.0,Female,49,2022-01-21 00:00:00,Installment,BMW Bangalore,26634,Senior,Budget,2022.0,1.0,Low
12,C1013,Unknown,X3,5900000.0,Other,39,2024-11-23 00:00:00,EMI,BMW Chennai,3832,Adults,Budget,2024.0,11.0,Low
13,C1014,Haryana,X3,5639000.0,Male,24,2022-02-20 00:00:00,Installment,BMW Hyderabad,7856,Junior,Budget,2022.0,2.0,Low
14,C1015,Delhi,X5,9469000.0,Male,34,2023-05-07 00:00:00,Installment,BMW Mumbai,30034,Middle,Mid-Range,2023.0,5.0,Low
15,C1016,Tamil Nadu,X5,9863000.0,Female,25,2022-08-27 00:00:00,Cash,Unknown_Dealer,19620,Junior,Mid-Range,2022.0,8.0,Low
16,C1017,Gujarat,I4,6233000.0,Male,39,2022-11-21 00:00:00,EMI,BMW Mumbai,6048,Adults,Mid-Range,2022.0,11.0,Low
17,C1018,Delhi,X1,4350000.0,Male,49,2022-03-02 00:00:00,Finance,BMW Jaipur,36210,Senior,Budget,2022.0,3.0,Low
18,C1019,Punjab,M5,18052000.0,Female,34,2023-09-28 00:00:00,Cash,BMW Chennai,56662,Middle,Ultra-Luxury,2023.0,9.0,High
19,C1020,Uttar Pradesh,X1,3864000.0,Not_specified,63,2023-03-26 00:00:00,Cash,BMW Kolkata,14577,Abw_Senior,Budget,2023.0,3.0,Low
20,C1021,Kerala,IX,13646000.0,Female,46,2023-06-21 00:00:00,Finance,BMW Mumbai,7559,Senior,Luxury,2023.0,6.0,Low
21,C1022,West Bengal,X3,5772000.0,Female,48,2023-07-10 00:00:00,Not_Specified,BMW Mumbai,34073,Senior,Budget,2023.0,7.0,Low
22,C1023,Rajasthan,M5,15515000.0,Female,63,2023-09-10 00:00:00,EMI,Unknown_Dealer,8341,Abw_Senior,Ultra-Luxury,2023.0,9.0,Low
23,C1024,Unknown,5 Series,7991000.0,Male,40,2024-10-21 00:00:00,Cash,BMW Chennai,33500,Adults,Mid-Range,2024.0,10.0,Low
24,C1025,Uttar Pradesh,X5,9019000.0,Female,36,2022-01-03 00:00:00,Cash,BMW Jaipur,55688,Adults,Mid-Range,2022.0,1.0,High
25,C1026,Rajasthan,Unknown,7979500.0,Other,46,2022-02-25 00:00:00,Cash,BMW Mumbai,36530,Senior,Mid-Range,2022.0,2.0,Low
26,C1027,Delhi,3 Series,6218000.0,Female,49,2024-07-27 00:00:00,Cash,BMW Kolkata,16986,Senior,Mid-Range,2024.0,7.0,Low
27,C1028,West Bengal,5 Series,8020000.0,Male,36,2024-05-02 00:00:00,Cash,BMW Chennai,4209,Adults,Mid-Range,2024.0,5.0,Low
28,C1029,Delhi,X1,3923000.0,Male,45,2023-07-28 00:00:00,Installment,BMW Kolkata,14380,Adults,Budget,2023.0,7.0,Low
29,C1030,Unknown,M3,10299000.0,Other,29,2023-10-19 00:00:00,Not_Specified,BMW Bangalore,56809,Middle,Luxury,2023.0,10.0,High
30,C1031,Unknown,M3,8779000.0,Not_specified,38,2023-02-16 00:00:00,Cash,BMW Ahmedabad,14694,Adults,Mid-Range,2023.0,2.0,Low
31,C1032,Delhi,X1,4568000.0,Male,36,2024-04-15 00:00:00,Cash,BMW Jaipur,39796,Adults,Budget,2024.0,4.0,Low
32,C1033,Uttar Pradesh,IX,10654000.0,Not_specified,46,2024-12-27 00:00:00,EMI,BMW Jaipur,52791,Senior,Luxury,2024.0,12.0,High
33,C1034,Delhi,M5,16065000.0,Female,21,2022-07-12 00:00:00,Not_Specified,BMW Bangalore,48090,Junior,Ultra-Luxury,2022.0,7.0,High
34,C1035,Punjab,3 Series,5513000.0,Female,26,2023-10-20 00:00:00,Cash,BMW Ahmedabad,11917,Middle,Budget,2023.0,10.0,Low
35,C1036,West Bengal,M3,9005000.0,Male,54,2024-07-16 00:00:00,Cash,BMW Kolkata,28734,Senior,Mid-Range,2024.0,7.0,Low
36,C1037,Unknown,Z4,8136000.0,Female,48,2023-12-15 00:00:00,Installment,BMW Delhi South,47270,Senior,Mid-Range,2023.0,12.0,High
37,C1038,Uttar Pradesh,7 Series,14812000.0,Male,27,2023-10-03 00:00:00,Cash,BMW Pune,2982,Middle,Luxury,2023.0,10.0,Low
38,C1039,Gujarat,5 Series,6644000.0,Other,49,2023-04-08 00:00:00,Installment,BMW Jaipur,41251,Senior,Mid-Range,2023.0,4.0,High
39,C1040,Punjab,X5,11380000.0,Female,54,2023-10-14 00:00:00,Cash,BMW Jaipur,48502,Senior,Luxury,2023.0,10.0,High
40,C1041,Rajasthan,I4,7568000.0,Female,45,2024-10-08 00:00:00,EMI,BMW Kolkata,4664,Adults,Mid-Range,2024.0,10.0,Low
41,C1042,Rajasthan,X1,4006000.0,Male,30,2023-10-24 00:00:00,Cash,BMW Pune,45857,Middle,Budget,2023.0,10.0,High
42,C1043,Punjab,3 Series,4830000.0,Female,59,2024-10-19 00:00:00,EMI,BMW Jaipur,2636,Abw_Senior,Budget,2024.0,10.0,Low
43,C1044,Delhi,I4,6395000.0,Other,26,2023-04-11 00:00:00,Cash,BMW Pune,43423,Middle,Mid-Range,2023.0,4.0,High
44,C1045,Delhi,3 Series,4845000.0,Not_specified,45,2023-02-07 00:00:00,Cash,BMW Kolkata,49806,Adults,Budget,2023.0,2.0,High
45,C1046,Gujarat,IX,12040000.0,Female,45,2022-04-27 00:00:00,Installment,BMW Bangalore,32661,Adults,Luxury,2022.0,4.0,Low
46,C1047,West Bengal,X1,5140000.0,Male,45,2024-03-28 00:00:00,Not_Specified,BMW Ahmedabad,51623,Adults,Budget,2024.0,3.0,High
47,C1048,Punjab,IX,13717000.0,Male,49,2024-09-13 00:00:00,Installment,BMW Chennai,37473,Senior,Luxury,2024.0,9.0,Low
48,C1049,Maharashtra,X3,6249000.0,Not_specified,45,2024-03-16 00:00:00,Finance,BMW Delhi South,57290,Adults,Mid-Range,2024.0,3.0,High
49,C1050,Delhi,X1,4963000.0,Male,25,2023-10-23 00:00:00,Finance,Unknown_Dealer,24904,Junior,Budget,2023.0,10.0,Low
50,C1051,Punjab,X3,6930000.0,Male,35,2022-11-23 00:00:00,EMI,BMW Mumbai,3014,Middle,Mid-Range,2022.0,11.0,Low
51,C1052,Kerala,M5,15511000.0,Male,31,2023-10-22 00:00:00,Cash,BMW Chennai,30221,Middle,Ultra-Luxury,2023.0,10.0,Low
52,C1053,Maharashtra,3 Series,6410000.0,Other,43,2023-12-09 00:00:00,Installment,BMW Hyderabad,55924,Adults,Mid-Range,2023.0,12.0,High
53,C1054,Kerala,IX,14369000.0,Not_specified,45,2024-01-20 00:00:00,EMI,BMW Chennai,39784,Adults,Luxury,2024.0,1.0,Low
54,C1055,Rajasthan,I4,7611000.0,Male,61,Unknown_Date,Finance,BMW Bangalore,5906,Abw_Senior,Mid-Range,Unknown_Year,Unknow_Month,Low
55,C1056,Maharashtra,5 Series,6902000.0,Female,54,2022-05-27 00:00:00,EMI,BMW Ahmedabad,52706,Senior,Mid-Range,2022.0,5.0,High
56,C1057,Gujarat,Z4,9784000.0,Female,45,2022-12-08 00:00:00,Finance,BMW Delhi South,44226,Adults,Mid-Range,2022.0,12.0,High
57,C1058,Haryana,Z4,9152000.0,Male,62,2022-05-16 00:00:00,Cash,BMW Hyderabad,29729,Abw_Senior,Mid-Range,2022.0,5.0,Low
58,C1059,Maharashtra,3 Series,6379000.0,Not_specified,45,2023-08-08 00:00:00,Finance,Unknown_Dealer,59093,Adults,Mid-Range,2023.0,8.0,High
59,C1060,Unknown,I4,6415000.0,Other,26,2024-02-01 00:00:00,Cash,BMW Jaipur,13448,Middle,Mid-Range,2024.0,2.0,Low
60,C1061,Rajasthan,7 Series,18153000.0,Male,38,2022-09-09 00:00:00,Cash,BMW Bangalore,973,Adults,Ultra-Luxury,2022.0,9.0,Low
61,C1062,Haryana,X1,4099000.0,Female,25,2024-10-04 00:00:00,Cash,Unknown_Dealer,19767,Junior,Budget,2024.0,10.0,Low
62,C1063,Delhi,5 Series,8599000.0,Other,25,2022-05-02 00:00:00,Finance,BMW Hyderabad,39150,Junior,Mid-Range,2022.0,5.0,Low
63,C1064,Maharashtra,X7,14659000.0,Female,48,2023-08-13 00:00:00,Finance,BMW Hyderabad,20481,Senior,Luxury,2023.0,8.0,Low
64,C1065,Gujarat,5 Series,6551000.0,Female,44,2024-09-18 00:00:00,Not_Specified,BMW Ahmedabad,57252,Adults,Mid-Range,2024.0,9.0,High
65,C1066,Delhi,IX,12722000.0,Female,30,2022-06-28 00:00:00,EMI,BMW Jaipur,14821,Middle,Luxury,2022.0,6.0,Low
66,C1067,Maharashtra,I4,6021000.0,Female,45,2024-11-13 00:00:00,Cash,BMW Delhi South,48897,Adults,Mid-Range,2024.0,11.0,High
67,C1068,Delhi,M3,8598000.0,Female,24,2022-03-11 00:00:00,Not_Specified,BMW Kolkata,39785,Junior,Mid-Range,2022.0,3.0,Low
68,C1069,Tamil Nadu,M5,15507000.0,Other,54,2023-02-10 00:00:00,Installment,BMW Bangalore,50080,Senior,Ultra-Luxury,2023.0,2.0,High
69,C1070,Maharashtra,5 Series,8336000.0,Female,53,2023-02-13 00:00:00,Cash,BMW Delhi South,56499,Senior,Mid-Range,2023.0,2.0,High
70,C1071,Unknown,X1,4281000.0,Male,60,2023-02-14 00:00:00,Not_Specified,Unknown_Dealer,5154,Abw_Senior,Budget,2023.0,2.0,Low
71,C1072,Haryana,Z4,8216000.0,Female,54,2023-06-24 00:00:00,Cash,BMW Pune,12928,Senior,Mid-Range,2023.0,6.0,Low
72,C1073,Karnataka,5 Series,8872000.0,Other,64,2024-11-10 00:00:00,Installment,BMW Kolkata,28980,Abw_Senior,Mid-Range,2024.0,11.0,Low
73,C1074,Delhi,M5,15927000.0,Male,44,2022-10-20 00:00:00,Cash,BMW Kolkata,59575,Adults,Ultra-Luxury,2022.0,10.0,High
74,C1075,Haryana,5 Series,7691000.0,Female,26,2022-12-15 00:00:00,Cash,BMW Ahmedabad,24435,Middle,Mid-Range,2022.0,12.0,Low
75,C1076,Haryana,X3,7320000.0,Female,56,2024-11-20 00:00:00,Cash,BMW Ahmedabad,20331,Senior,Mid-Range,2024.0,11.0,Low
76,C1077,Unknown,3 Series,5820000.0,Not_specified,62,2024-12-27 00:00:00,Not_Specified,Unknown_Dealer,28200,Abw_Senior,Budget,2024.0,12.0,Low
77,C1078,Rajasthan,M3,11226000.0,Male,30,2022-09-25 00:00:00,Cash,BMW Jaipur,24688,Middle,Luxury,2022.0,9.0,Low
78,C1079,Uttar Pradesh,3 Series,4759000.0,Other,60,2023-04-18 00:00:00,Cash,BMW Chennai,24106,Abw_Senior,Budget,2023.0,4.0,Low
79,C1080,Delhi,3 Series,6156000.0,Not_specified,31,2022-05-02 00:00:00,Installment,Unknown_Dealer,55782,Middle,Mid-Range,2022.0,5.0,High
80,C1081,Uttar Pradesh,I4,7051000.0,Female,35,2022-07-02 00:00:00,Installment,BMW Hyderabad,5348,Middle,Mid-Range,2022.0,7.0,Low
81,C1082,Tamil Nadu,M3,10706000.0,Other,65,2023-08-20 00:00:00,Cash,BMW Pune,14133,Abw_Senior,Luxury,2023.0,8.0,Low
82,C1083,Maharashtra,X7,14582000.0,Female,47,2022-02-27 00:00:00,Cash,Unknown_Dealer,37686,Senior,Luxury,2022.0,2.0,Low
83,C1084,Maharashtra,X1,4793000.0,Female,54,2024-09-17 00:00:00,Cash,BMW Mumbai,41659,Senior,Budget,2024.0,9.0,High
84,C1085,Maharashtra,M5,17453000.0,Female,58,2022-06-18 00:00:00,Cash,BMW Kolkata,45573,Abw_Senior,Ultra-Luxury,2022.0,6.0,High
85,C1086,Gujarat,X5,9446000.0,Female,23,2023-05-17 00:00:00,Cash,BMW Pune,2399,Junior,Mid-Range,2023.0,5.0,Low
86,C1087,Kerala,X3,7495000.0,Female,48,2023-06-06 00:00:00,Finance,Unknown_Dealer,17479,Senior,Mid-Range,2023.0,6.0,Low
87,C1088,Karnataka,X1,4774000.0,Female,27,2023-08-20 00:00:00,Cash,BMW Ahmedabad,31881,Middle,Budget,2023.0,8.0,Low
88,C1089,Kerala,X1,4257000.0,Female,63,2024-06-11 00:00:00,Cash,BMW Mumbai,8272,Abw_Senior,Budget,2024.0,6.0,Low
89,C1090,Kerala,M5,15252000.0,Other,44,2024-03-17 00:00:00,EMI,BMW Chennai,33364,Adults,Ultra-Luxury,2024.0,3.0,Low
90,C1091,Unknown,X7,12241000.0,Male,65,2022-03-28 00:00:00,Cash,BMW Delhi South,53117,Abw_Senior,Luxury,2022.0,3.0,High
91,C1092,Haryana,M5,17024000.0,Male,31,2024-03-26 00:00:00,Installment,BMW Chennai,51908,Middle,Ultra-Luxury,2024.0,3.0,High
92,C1093,Maharashtra,M5,16181000.0,Male,60,2023-12-24 00:00:00,Not_Specified,BMW Jaipur,4833,Abw_Senior,Ultra-Luxury,2023.0,12.0,Low
93,C1094,Karnataka,3 Series,5572000.0,Male,29,2022-02-17 00:00:00,Cash,BMW Ahmedabad,46486,Middle,Budget,2022.0,2.0,High
94,C1095,Punjab,X5,8908000.0,Male,61,2024-06-11 00:00:00,Finance,BMW Jaipur,2699,Abw_Senior,Mid-Range,2024.0,6.0,Low
95,C1096,Delhi,I4,7545000.0,Male,52,2024-05-16 00:00:00,Not_Specified,BMW Pune,29723,Senior,Mid-Range,2024.0,5.0,Low
96,C1097,Delhi,X1,4588000.0,Female,41,2023-03-25 00:00:00,Installment,BMW Ahmedabad,15842,Adults,Budget,2023.0,3.0,Low
97,C1098,Telangana,3 Series,4861000.0,Not_specified,36,2023-10-24 00:00:00,Cash,BMW Kolkata,33733,Adults,Budget,2023.0,10.0,Low
98,C1099,Punjab,X1,3967000.0,Female,34,2023-08-20 00:00:00,Cash,BMW Delhi South,28241,Middle,Budget,2023.0,8.0,Low
99,C1100,Kerala,Unknown,7979500.0,Female,23,2022-06-18 00:00:00,Cash,Unknown_Dealer,18331,Junior,Mid-Range,2022.0,6.0,Low
100,C1101,Tamil Nadu,3 Series,6552000.0,Female,56,2022-10-17 00:00:00,Cash,BMW Mumbai,8980,Senior,Mid-Range,2022.0,10.0,Low
101,C1102,Delhi,3 Series,5842000.0,Female,31,2023-10-11 00:00:00,EMI,BMW Kolkata,28200,Middle,Budget,2023.0,10.0,Low
102,C1103,Tamil Nadu,X1,4744000.0,Male,59,2024-08-10 00:00:00,Cash,Unknown_Dealer,41223,Abw_Senior,Budget,2024.0,8.0,High
103,C1104,Unknown,3 Series,6257000.0,Female,45,2022-07-23 00:00:00,Cash,BMW Mumbai,46253,Adults,Mid-Range,2022.0,7.0,High
104,C1105,Haryana,5 Series,7754000.0,Female,55,2024-11-21 00:00:00,Installment,BMW Chennai,18284,Senior,Mid-Range,2024.0,11.0,Low
105,C1106,Punjab,IX,13161000.0,Other,43,2024-10-05 00:00:00,Not_Specified,BMW Hyderabad,53633,Adults,Luxury,2024.0,10.0,High
106,C1107,Gujarat,IX,10377000.0,Other,62,2022-09-09 00:00:00,Installment,BMW Chennai,3326,Abw_Senior,Luxury,2022.0,9.0,Low
107,C1108,Telangana,X3,5753000.0,Male,21,2022-07-21 00:00:00,Installment,BMW Pune,21048,Junior,Budget,2022.0,7.0,Low
108,C1109,Karnataka,Z4,8817000.0,Male,47,2022-07-26 00:00:00,EMI,BMW Mumbai,607,Senior,Mid-Range,2022.0,7.0,Low
109,C1110,Haryana,IX,12108000.0,Male,53,2022-06-06 00:00:00,Cash,BMW Mumbai,48274,Senior,Luxury,2022.0,6.0,High
110,C1111,Rajasthan,5 Series,7979000.0,Not_specified,53,2022-03-05 00:00:00,Installment,BMW Mumbai,17090,Senior,Mid-Range,2022.0,3.0,Low
111,C1112,West Bengal,M3,9475500.0,Female,65,2023-05-06 00:00:00,EMI,BMW Delhi South,41858,Abw_Senior,Mid-Range,2023.0,5.0,High
112,C1113,Telangana,Z4,10073000.0,Female,47,2024-11-27 00:00:00,Installment,Unknown_Dealer,29278,Senior,Luxury,2024.0,11.0,Low
113,C1114,Tamil Nadu,X3,7410000.0,Male,31,2022-11-07 00:00:00,Cash,BMW Mumbai,29716,Middle,Mid-Range,2022.0,11.0,Low
114,C1115,Delhi,3 Series,5555000.0,Male,21,2022-12-07 00:00:00,Cash,BMW Delhi South,28200,Junior,Budget,2022.0,12.0,Low
115,C1116,Gujarat,X1,4415000.0,Not_specified,45,2024-03-21 00:00:00,Not_Specified,Unknown_Dealer,8345,Adults,Budget,2024.0,3.0,Low
116,C1117,Maharashtra,X1,5366000.0,Not_specified,55,2023-05-06 00:00:00,Installment,BMW Mumbai,53049,Senior,Budget,2023.0,5.0,High
117,C1118,Maharashtra,Z4,8458000.0,Male,36,2022-07-09 00:00:00,EMI,BMW Chennai,53463,Adults,Mid-Range,2022.0,7.0,High
118,C1119,Haryana,Z4,8123000.0,Female,47,2024-12-06 00:00:00,Cash,BMW Ahmedabad,42160,Senior,Mid-Range,2024.0,12.0,High
119,C1120,Haryana,X1,4468000.0,Other,36,2024-03-26 00:00:00,Not_Specified,BMW Hyderabad,36522,Adults,Budget,2024.0,3.0,Low
120,C1121,West Bengal,7 Series,15449000.0,Female,26,2022-05-13 00:00:00,Installment,BMW Jaipur,47468,Middle,Ultra-Luxury,2022.0,5.0,High
121,C1122,Rajasthan,M3,9083000.0,Female,28,2022-12-20 00:00:00,Installment,Unknown_Dealer,21077,Middle,Mid-Range,2022.0,12.0,Low
122,C1123,Kerala,IX,11299000.0,Female,51,2022-06-11 00:00:00,Installment,BMW Bangalore,1062,Senior,Luxury,2022.0,6.0,Low
123,C1124,Maharashtra,IX,10840000.0,Female,52,2023-05-25 00:00:00,Cash,BMW Kolkata,11025,Senior,Luxury,2023.0,5.0,Low
124,C1125,Gujarat,5 Series,6858000.0,Male,45,2024-01-25 00:00:00,Installment,BMW Delhi South,46345,Adults,Mid-Range,2024.0,1.0,High
125,C1126,Delhi,M5,13503000.0,Other,45,2023-01-01 00:00:00,EMI,BMW Mumbai,32913,Adults,Luxury,2023.0,1.0,Low
126,C1127,Uttar Pradesh,X7,15227000.0,Male,43,2023-07-15 00:00:00,Installment,BMW Pune,44829,Adults,Ultra-Luxury,2023.0,7.0,High
127,C1128,Delhi,X5,9423000.0,Male,65,2023-11-26 00:00:00,Installment,Unknown_Dealer,2788,Abw_Senior,Mid-Range,2023.0,11.0,Low
128,C1129,Punjab,I4,6064000.0,Male,32,2022-10-05 00:00:00,EMI,BMW Bangalore,36959,Middle,Mid-Range,2022.0,10.0,Low
129,C1130,Unknown,M3,9351000.0,Female,53,2022-08-07 00:00:00,Not_Specified,BMW Ahmedabad,1941,Senior,Mid-Range,2022.0,8.0,Low
130,C1131,Delhi,5 Series,6974000.0,Male,64,2024-05-26 00:00:00,Installment,BMW Pune,10107,Abw_Senior,Mid-Range,2024.0,5.0,Low
131,C1132,Gujarat,Unknown,7979500.0,Female,45,2023-06-25 00:00:00,Installment,BMW Bangalore,28244,Adults,Mid-Range,2023.0,6.0,Low
132,C1133,Maharashtra,X7,11169000.0,Female,45,2022-12-18 00:00:00,Cash,BMW Hyderabad,11108,Adults,Luxury,2022.0,12.0,Low
133,C1134,Punjab,3 Series,4797000.0,Other,25,2024-11-16 00:00:00,Cash,BMW Pune,443,Junior,Budget,2024.0,11.0,Low
134,C1135,Unknown,M3,9539000.0,Male,40,2022-11-08 00:00:00,Finance,BMW Pune,48160,Adults,Mid-Range,2022.0,11.0,High
135,C1136,Telangana,M3,9325000.0,Female,57,2022-11-25 00:00:00,Cash,BMW Chennai,28734,Abw_Senior,Mid-Range,2022.0,11.0,Low
136,C1137,Karnataka,X1,4885000.0,Male,63,2023-02-15 00:00:00,Not_Specified,Unknown_Dealer,2409,Abw_Senior,Budget,2023.0,2.0,Low
137,C1138,Karnataka,X7,14549000.0,Male,57,2023-06-26 00:00:00,Installment,BMW Pune,14549,Abw_Senior,Luxury,2023.0,6.0,Low
138,C1139,Telangana,3 Series,5395000.0,Male,43,2023-03-07 00:00:00,Cash,BMW Ahmedabad,20440,Adults,Budget,2023.0,3.0,Low
139,C1140,Punjab,M5,15758000.0,Female,25,2022-01-28 00:00:00,Cash,BMW Chennai,33816,Junior,Ultra-Luxury,2022.0,1.0,Low
140,C1141,Maharashtra,3 Series,5121000.0,Not_specified,45,2022-08-19 00:00:00,Installment,BMW Chennai,18241,Adults,Budget,2022.0,8.0,Low
141,C1142,Karnataka,X7,14688000.0,Female,50,2023-09-21 00:00:00,Not_Specified,BMW Jaipur,7486,Senior,Luxury,2023.0,9.0,Low
142,C1143,Uttar Pradesh,IX,14058000.0,Female,28,2023-12-05 00:00:00,Cash,BMW Jaipur,25146,Middle,Luxury,2023.0,12.0,Low
143,C1144,Uttar Pradesh,5 Series,7660000.0,Other,45,2022-05-08 00:00:00,Cash,BMW Hyderabad,44872,Adults,Mid-Range,2022.0,5.0,High
144,C1145,Delhi,5 Series,6814000.0,Female,45,2023-03-25 00:00:00,Cash,Unknown_Dealer,33476,Adults,Mid-Range,2023.0,3.0,Low
145,C1146,Kerala,X3,7254000.0,Not_specified,27,2022-05-28 00:00:00,Finance,BMW Delhi South,28774,Middle,Mid-Range,2022.0,5.0,Low
146,C1147,Telangana,7 Series,18140000.0,Not_specified,31,2022-01-19 00:00:00,Cash,BMW Ahmedabad,46140,Middle,Ultra-Luxury,2022.0,1.0,High
147,C1148,Tamil Nadu,3 Series,6528000.0,Male,62,2022-03-23 00:00:00,Not_Specified,BMW Kolkata,9317,Abw_Senior,Mid-Range,2022.0,3.0,Low
148,C1149,Maharashtra,Unknown,7979500.0,Other,25,2022-07-17 00:00:00,Finance,BMW Kolkata,31984,Junior,Mid-Range,2022.0,7.0,Low
149,C1150,Karnataka,3 Series,5897000.0,Not_specified,34,2023-11-05 00:00:00,Cash,BMW Jaipur,55864,Middle,Budget,2023.0,11.0,High
150,C1151,Delhi,X3,5752000.0,Female,45,2022-05-12 00:00:00,EMI,BMW Delhi South,42899,Adults,Budget,2022.0,5.0,High
151,C1152,Uttar Pradesh,X3,6427000.0,Female,48,2022-04-16 00:00:00,Installment,Unknown_Dealer,44563,Senior,Mid-Range,2022.0,4.0,High
152,C1153,Haryana,X7,15546000.0,Female,35,2022-11-02 00:00:00,Cash,BMW Hyderabad,50689,Middle,Ultra-Luxury,2022.0,11.0,High
153,C1154,Gujarat,X5,9839000.0,Other,43,2022-07-20 00:00:00,Installment,BMW Delhi South,9175,Adults,Mid-Range,2022.0,7.0,Low
154,C1155,Unknown,M5,18401000.0,Male,62,2024-12-20 00:00:00,Cash,BMW Pune,13464,Abw_Senior,Ultra-Luxury,2024.0,12.0,Low
155,C1156,Unknown,IX,12914000.0,Female,52,2024-03-10 00:00:00,Finance,BMW Bangalore,25351,Senior,Luxury,2024.0,3.0,Low
156,C1157,Kerala,5 Series,8377000.0,Male,45,2022-01-26 00:00:00,Not_Specified,BMW Hyderabad,45993,Adults,Mid-Range,2022.0,1.0,High
157,C1158,Gujarat,I4,6155000.0,Male,55,2024-11-21 00:00:00,Not_Specified,BMW Chennai,3794,Senior,Mid-Range,2024.0,11.0,Low
158,C1159,Tamil Nadu,3 Series,5854000.0,Male,45,2022-03-16 00:00:00,EMI,BMW Bangalore,24370,Adults,Budget,2022.0,3.0,Low
159,C1160,West Bengal,X7,14560000.0,Male,45,2024-11-03 00:00:00,Finance,BMW Mumbai,32742,Adults,Luxury,2024.0,11.0,Low
160,C1161,Uttar Pradesh,I4,7845000.0,Female,45,2022-01-16 00:00:00,Cash,BMW Bangalore,25731,Adults,Mid-Range,2022.0,1.0,Low
161,C1162,Maharashtra,Z4,8182000.0,Male,25,2024-06-01 00:00:00,Cash,BMW Hyderabad,4517,Junior,Mid-Range,2024.0,6.0,Low
162,C1163,Punjab,M3,8362000.0,Male,57,2022-08-12 00:00:00,Installment,Unknown_Dealer,49838,Abw_Senior,Mid-Range,2022.0,8.0,High
163,C1164,Maharashtra,X1,4192000.0,Male,45,2024-10-12 00:00:00,Installment,BMW Hyderabad,32245,Adults,Budget,2024.0,10.0,Low
164,C1165,Gujarat,I4,6178000.0,Not_specified,65,2024-02-19 00:00:00,Not_Specified,BMW Delhi South,38790,Abw_Senior,Mid-Range,2024.0,2.0,Low
165,C1166,Gujarat,Z4,8093000.0,Not_specified,65,2023-08-05 00:00:00,Cash,BMW Jaipur,7141,Abw_Senior,Mid-Range,2023.0,8.0,Low
166,C1167,Delhi,M3,9427000.0,Female,49,2022-06-02 00:00:00,Cash,BMW Chennai,54783,Senior,Mid-Range,2022.0,6.0,High
167,C1168,Telangana,M5,15325000.0,Male,22,2024-12-18 00:00:00,Installment,BMW Bangalore,33364,Junior,Ultra-Luxury,2024.0,12.0,Low
168,C1169,Telangana,3 Series,5056000.0,Female,58,2022-03-01 00:00:00,Cash,BMW Bangalore,6027,Abw_Senior,Budget,2022.0,3.0,Low
169,C1170,Haryana,X7,11244000.0,Not_specified,46,2023-12-03 00:00:00,EMI,BMW Pune,29229,Senior,Luxury,2023.0,12.0,Low
170,C1171,Telangana,IX,12295000.0,Female,38,2024-08-09 00:00:00,Finance,BMW Kolkata,35685,Adults,Luxury,2024.0,8.0,Low
171,C1172,Haryana,Unknown,7979500.0,Male,45,2022-05-02 00:00:00,Installment,BMW Bangalore,6562,Adults,Mid-Range,2022.0,5.0,Low
172,C1173,Delhi,Z4,8938000.0,Male,32,2024-12-12 00:00:00,Finance,BMW Jaipur,36936,Middle,Mid-Range,2024.0,12.0,Low
173,C1174,Punjab,IX,10937000.0,Female,45,2022-11-03 00:00:00,Finance,BMW Mumbai,1436,Adults,Luxury,2022.0,11.0,Low
174,C1175,Gujarat,X7,14901000.0,Female,63,2023-05-06 00:00:00,Not_Specified,BMW Kolkata,42544,Abw_Senior,Luxury,2023.0,5.0,High
175,C1176,Kerala,Z4,9205000.0,Male,45,2024-07-28 00:00:00,Finance,BMW Jaipur,14476,Adults,Mid-Range,2024.0,7.0,Low
176,C1177,Punjab,3 Series,5312000.0,Female,31,2024-11-21 00:00:00,EMI,BMW Chennai,16353,Middle,Budget,2024.0,11.0,Low
177,C1178,Tamil Nadu,X1,3901000.0,Male,47,2024-07-04 00:00:00,Installment,BMW Bangalore,29575,Senior,Budget,2024.0,7.0,Low
178,C1179,Punjab,X1,4327000.0,Male,45,2022-06-20 00:00:00,Not_Specified,BMW Bangalore,39801,Adults,Budget,2022.0,6.0,Low
179,C1180,Tamil Nadu,M3,8758000.0,Male,63,2022-07-19 00:00:00,Finance,BMW Mumbai,28023,Abw_Senior,Mid-Range,2022.0,7.0,Low
180,C1181,Punjab,7 Series,14143000.0,Female,51,2023-08-16 00:00:00,Not_Specified,BMW Bangalore,24315,Senior,Luxury,2023.0,8.0,Low
181,C1182,Delhi,X3,6124000.0,Male,45,2024-03-02 00:00:00,Not_Specified,BMW Jaipur,14910,Adults,Mid-Range,2024.0,3.0,Low
182,C1183,Maharashtra,5 Series,7878000.0,Not_specified,23,2024-11-20 00:00:00,Cash,BMW Bangalore,10955,Junior,Mid-Range,2024.0,11.0,Low
183,C1184,Gujarat,X3,6488000.0,Male,59,2022-02-13 00:00:00,EMI,Unknown_Dealer,30025,Abw_Senior,Mid-Range,2022.0,2.0,Low
184,C1185,Maharashtra,X7,12936000.0,Female,27,2023-09-12 00:00:00,Cash,BMW Jaipur,39908,Middle,Luxury,2023.0,9.0,Low
185,C1186,Unknown,3 Series,5865000.0,Not_specified,42,2023-12-05 00:00:00,EMI,BMW Pune,18372,Adults,Budget,2023.0,12.0,Low
186,C1187,Tamil Nadu,Z4,7625000.0,Female,38,2022-04-15 00:00:00,Not_Specified,BMW Kolkata,49774,Adults,Mid-Range,2022.0,4.0,High
187,C1188,Delhi,5 Series,6547000.0,Male,32,2022-04-02 00:00:00,Finance,BMW Chennai,17955,Middle,Mid-Range,2022.0,4.0,Low
188,C1189,Unknown,X7,14149000.0,Other,32,2024-12-06 00:00:00,EMI,BMW Delhi South,31224,Middle,Luxury,2024.0,12.0,Low
189,C1190,Rajasthan,Z4,9151000.0,Not_specified,45,2024-01-16 00:00:00,Cash,BMW Chennai,16540,Adults,Mid-Range,2024.0,1.0,Low
190,C1191,West Bengal,X1,5235000.0,Female,50,Unknown_Date,Finance,Unknown_Dealer,42424,Senior,Budget,Unknown_Year,Unknow_Month,High
191,C1192,Tamil Nadu,5 Series,6543000.0,Male,37,2024-07-05 00:00:00,Installment,BMW Mumbai,52784,Adults,Mid-Range,2024.0,7.0,High
192,C1193,Unknown,M3,10339000.0,Male,37,2024-01-19 00:00:00,Installment,Unknown_Dealer,41832,Adults,Luxury,2024.0,1.0,High
193,C1194,Kerala,IX,13751000.0,Male,39,2023-12-26 00:00:00,Finance,BMW Delhi South,14565,Adults,Luxury,2023.0,12.0,Low
194,C1195,Punjab,X1,5066000.0,Male,50,2024-10-19 00:00:00,Installment,Unknown_Dealer,7852,Senior,Budget,2024.0,10.0,Low
195,C1196,Punjab,X1,3910000.0,Female,42,2023-11-03 00:00:00,Cash,BMW Ahmedabad,41355,Adults,Budget,2023.0,11.0,High
196,C1197,Delhi,X1,4537000.0,Male,52,2022-10-14 00:00:00,Cash,BMW Hyderabad,31881,Senior,Budget,2022.0,10.0,Low
197,C1198,Kerala,X1,5230000.0,Male,45,2022-12-12 00:00:00,Not_Specified,Unknown_Dealer,38579,Adults,Budget,2022.0,12.0,Low
198,C1199,Delhi,IX,14184000.0,Female,48,2023-12-08 00:00:00,Not_Specified,BMW Mumbai,14969,Senior,Luxury,2023.0,12.0,Low
199,C1200,Rajasthan,X1,4754000.0,Male,45,2024-02-10 00:00:00,Cash,BMW Mumbai,45203,Adults,Budget,2024.0,2.0,High
200,C1201,Tamil Nadu,I4,7112000.0,Male,40,2024-05-20 00:00:00,Installment,Unknown_Dealer,47105,Adults,Mid-Range,2024.0,5.0,High
201,C1202,Tamil Nadu,5 Series,6896000.0,Female,43,2022-09-16 00:00:00,Cash,BMW Ahmedabad,28980,Adults,Mid-Range,2022.0,9.0,Low
202,C1203,Tamil Nadu,5 Series,6767000.0,Female,37,2023-05-15 00:00:00,Cash,BMW Mumbai,55852,Adults,Mid-Range,2023.0,5.0,High
203,C1204,Haryana,X1,4988000.0,Male,21,2022-06-12 00:00:00,EMI,BMW Delhi South,24420,Junior,Budget,2022.0,6.0,Low
204,C1205,Unknown,Unknown,7979500.0,Other,38,2023-07-21 00:00:00,Cash,BMW Bangalore,6796,Adults,Mid-Range,2023.0,7.0,Low
205,C1206,Delhi,5 Series,7980000.0,Male,51,2023-02-08 00:00:00,Finance,BMW Mumbai,46174,Senior,Mid-Range,2023.0,2.0,High
206,C1207,Telangana,M3,9801000.0,Not_specified,63,2024-11-21 00:00:00,Cash,BMW Mumbai,42165,Abw_Senior,Mid-Range,2024.0,11.0,High
207,C1208,Punjab,5 Series,8657000.0,Female,42,2022-09-21 00:00:00,Installment,BMW Delhi South,30087,Adults,Mid-Range,2022.0,9.0,Low
208,C1209,Karnataka,5 Series,7549000.0,Male,27,2024-01-27 00:00:00,EMI,Unknown_Dealer,36853,Middle,Mid-Range,2024.0,1.0,Low
209,C1210,Haryana,M5,17652000.0,Female,56,2024-11-12 00:00:00,Installment,BMW Mumbai,22371,Senior,Ultra-Luxury,2024.0,11.0,Low
210,C1211,Punjab,M5,16984000.0,Male,47,2022-02-28 00:00:00,Installment,BMW Ahmedabad,7062,Senior,Ultra-Luxury,2022.0,2.0,Low
211,C1212,Tamil Nadu,3 Series,5555000.0,Other,21,2023-10-16 00:00:00,Cash,BMW Bangalore,6786,Junior,Budget,2023.0,10.0,Low
212,C1213,Haryana,Unknown,7979500.0,Not_specified,59,2023-11-07 00:00:00,Cash,BMW Bangalore,27049,Abw_Senior,Mid-Range,2023.0,11.0,Low
213,C1214,Punjab,M3,10442000.0,Female,34,2023-05-11 00:00:00,Finance,BMW Delhi South,49858,Middle,Luxury,2023.0,5.0,High
214,C1215,Maharashtra,IX,12748500.0,Female,22,2022-09-04 00:00:00,EMI,BMW Bangalore,55009,Junior,Luxury,2022.0,9.0,High
215,C1216,Rajasthan,X3,6341000.0,Female,62,2024-05-23 00:00:00,Not_Specified,BMW Hyderabad,51649,Abw_Senior,Mid-Range,2024.0,5.0,High
216,C1217,Delhi,X1,4996000.0,Other,35,2024-06-25 00:00:00,Installment,BMW Pune,29413,Middle,Budget,2024.0,6.0,Low
217,C1218,Uttar Pradesh,5 Series,7549000.0,Male,56,2023-01-11 00:00:00,Cash,BMW Mumbai,10073,Senior,Mid-Range,2023.0,1.0,Low
218,C1219,Punjab,5 Series,8449000.0,Female,54,2022-09-06 00:00:00,Not_Specified,BMW Delhi South,22898,Senior,Mid-Range,2022.0,9.0,Low
219,C1220,Haryana,M3,9275000.0,Other,56,2022-02-22 00:00:00,Installment,BMW Mumbai,44731,Senior,Mid-Range,2022.0,2.0,High
220,C1221,Tamil Nadu,Unknown,7979500.0,Male,55,2024-06-17 00:00:00,EMI,BMW Chennai,20992,Senior,Mid-Range,2024.0,6.0,Low
221,C1222,Uttar Pradesh,X1,4812000.0,Female,64,2024-12-24 00:00:00,Installment,BMW Bangalore,1556,Abw_Senior,Budget,2024.0,12.0,Low
222,C1223,Karnataka,X5,8255000.0,Female,37,2023-11-07 00:00:00,Installment,Unknown_Dealer,386,Adults,Mid-Range,2023.0,11.0,Low
223,C1224,Delhi,X5,9264000.0,Male,59,2023-07-13 00:00:00,Installment,BMW Bangalore,48939,Abw_Senior,Mid-Range,2023.0,7.0,High
224,C1225,Punjab,3 Series,5249000.0,Female,21,2022-01-01 00:00:00,Installment,BMW Pune,13766,Junior,Budget,2022.0,1.0,Low
225,C1226,Kerala,7 Series,15911000.0,Male,32,2022-06-02 00:00:00,Cash,Unknown_Dealer,4793,Middle,Ultra-Luxury,2022.0,6.0,Low
226,C1227,Tamil Nadu,7 Series,17663000.0,Male,63,2024-07-02 00:00:00,Finance,BMW Jaipur,43215,Abw_Senior,Ultra-Luxury,2024.0,7.0,High
227,C1228,Kerala,M3,11263000.0,Female,62,2022-11-24 00:00:00,Cash,BMW Kolkata,23510,Abw_Senior,Luxury,2022.0,11.0,Low
228,C1229,Tamil Nadu,5 Series,8070000.0,Male,55,2024-02-24 00:00:00,Cash,BMW Jaipur,37938,Senior,Mid-Range,2024.0,2.0,Low
229,C1230,Delhi,I4,7281000.0,Male,44,2024-12-28 00:00:00,Installment,BMW Hyderabad,23846,Adults,Mid-Range,2024.0,12.0,Low
230,C1231,Uttar Pradesh,3 Series,5534000.0,Male,51,2023-03-04 00:00:00,Cash,BMW Chennai,33940,Senior,Budget,2023.0,3.0,Low
231,C1232,Punjab,3 Series,6372000.0,Female,54,2024-05-19 00:00:00,Not_Specified,BMW Ahmedabad,38514,Senior,Mid-Range,2024.0,5.0,Low
232,C1233,West Bengal,Unknown,7979500.0,Female,54,2023-08-26 00:00:00,Cash,Unknown_Dealer,57804,Senior,Mid-Range,2023.0,8.0,High
233,C1234,Karnataka,I4,6468000.0,Female,63,2024-02-16 00:00:00,Cash,BMW Hyderabad,1471,Abw_Senior,Mid-Range,2024.0,2.0,Low
234,C1235,Uttar Pradesh,3 Series,5887000.0,Male,31,2023-10-19 00:00:00,EMI,BMW Delhi South,14194,Middle,Budget,2023.0,10.0,Low
235,C1236,Punjab,5 Series,6951000.0,Male,60,2024-11-11 00:00:00,Installment,BMW Chennai,24786,Abw_Senior,Mid-Range,2024.0,11.0,Low
236,C1237,Rajasthan,X1,5127000.0,Male,55,2023-05-11 00:00:00,Not_Specified,Unknown_Dealer,27569,Senior,Budget,2023.0,5.0,Low
237,C1238,Maharashtra,Z4,10017000.0,Female,58,2024-10-04 00:00:00,Cash,BMW Chennai,59643,Abw_Senior,Luxury,2024.0,10.0,High
238,C1239,Maharashtra,I4,6413000.0,Female,45,2024-06-14 00:00:00,Not_Specified,BMW Jaipur,16622,Adults,Mid-Range,2024.0,6.0,Low
239,C1240,Kerala,I4,8380000.0,Other,32,2023-05-19 00:00:00,Not_Specified,BMW Bangalore,56033,Middle,Mid-Range,2023.0,5.0,High
240,C1241,Telangana,3 Series,6182000.0,Not_specified,42,2024-02-12 00:00:00,Cash,BMW Delhi South,53952,Adults,Mid-Range,2024.0,2.0,High
241,C1242,Maharashtra,X5,8288000.0,Male,45,2024-10-09 00:00:00,Cash,BMW Kolkata,16586,Adults,Mid-Range,2024.0,10.0,Low
242,C1243,Punjab,7 Series,13788000.0,Female,60,2022-01-11 00:00:00,EMI,BMW Hyderabad,23142,Abw_Senior,Luxury,2022.0,1.0,Low
243,C1244,Rajasthan,X1,4986000.0,Male,56,2023-04-20 00:00:00,Not_Specified,BMW Jaipur,304,Senior,Budget,2023.0,4.0,Low
244,C1245,Tamil Nadu,X5,9748000.0,Male,55,2024-08-13 00:00:00,Finance,BMW Kolkata,44668,Senior,Mid-Range,2024.0,8.0,High
245,C1246,Maharashtra,5 Series,6680000.0,Female,64,2023-06-17 00:00:00,EMI,BMW Chennai,18827,Abw_Senior,Mid-Range,2023.0,6.0,Low
246,C1247,Haryana,X5,9919000.0,Female,57,2024-04-16 00:00:00,Installment,BMW Pune,13551,Abw_Senior,Mid-Range,2024.0,4.0,Low
247,C1248,Kerala,3 Series,6174000.0,Other,45,2022-12-08 00:00:00,EMI,BMW Kolkata,11984,Adults,Mid-Range,2022.0,12.0,Low
248,C1249,West Bengal,Unknown,7979500.0,Female,57,2023-08-18 00:00:00,Not_Specified,BMW Bangalore,29962,Abw_Senior,Mid-Range,2023.0,8.0,Low
249,C1250,Delhi,M3,10367000.0,Female,41,2022-09-09 00:00:00,Finance,BMW Ahmedabad,12052,Adults,Luxury,2022.0,9.0,Low
250,C1251,Kerala,M5,17810000.0,Male,57,2024-05-26 00:00:00,Not_Specified,BMW Chennai,9558,Abw_Senior,Ultra-Luxury,2024.0,5.0,Low
251,C1252,Punjab,X1,4103000.0,Female,52,2024-01-13 00:00:00,Cash,BMW Chennai,53334,Senior,Budget,2024.0,1.0,High
252,C1253,Tamil Nadu,3 Series,6108000.0,Male,45,2024-07-10 00:00:00,EMI,BMW Ahmedabad,21305,Adults,Mid-Range,2024.0,7.0,Low
253,C1254,Delhi,X5,9342000.0,Male,31,2023-11-20 00:00:00,Installment,BMW Delhi South,10616,Middle,Mid-Range,2023.0,11.0,Low
254,C1255,Punjab,I4,7433000.0,Female,58,2022-03-28 00:00:00,Installment,BMW Pune,48750,Abw_Senior,Mid-Range,2022.0,3.0,High
255,C1256,Uttar Pradesh,Unknown,7979500.0,Female,45,2024-01-01 00:00:00,Installment,BMW Delhi South,17200,Adults,Mid-Range,2024.0,1.0,Low
256,C1257,Unknown,IX,11163000.0,Male,29,2022-12-11 00:00:00,Cash,Unknown_Dealer,17852,Middle,Luxury,2022.0,12.0,Low
257,C1258,Uttar Pradesh,3 Series,5890000.0,Male,43,2022-10-08 00:00:00,Cash,BMW Pune,28200,Adults,Budget,2022.0,10.0,Low
258,C1259,Gujarat,M5,14731000.0,Other,51,2023-08-10 00:00:00,Installment,BMW Hyderabad,57813,Senior,Luxury,2023.0,8.0,High
259,C1260,Uttar Pradesh,Unknown,7979500.0,Not_specified,35,2022-09-25 00:00:00,EMI,BMW Hyderabad,12320,Middle,Mid-Range,2022.0,9.0,Low
260,C1261,Punjab,X7,13948000.0,Other,33,2024-06-01 00:00:00,Cash,BMW Kolkata,31224,Middle,Luxury,2024.0,6.0,Low
261,C1262,Maharashtra,5 Series,6945000.0,Other,44,2023-02-27 00:00:00,Not_Specified,BMW Delhi South,35598,Adults,Mid-Range,2023.0,2.0,Low
262,C1263,West Bengal,Unknown,7979500.0,Male,28,2023-08-08 00:00:00,Installment,Unknown_Dealer,43647,Middle,Mid-Range,2023.0,8.0,High
263,C1264,Punjab,M3,8602000.0,Female,37,2023-01-28 00:00:00,Installment,BMW Hyderabad,28734,Adults,Mid-Range,2023.0,1.0,Low
264,C1265,Tamil Nadu,Unknown,7979500.0,Female,21,2024-08-23 00:00:00,Installment,BMW Chennai,10334,Junior,Mid-Range,2024.0,8.0,Low
265,C1266,Haryana,X3,5661000.0,Female,29,2024-11-25 00:00:00,Cash,BMW Chennai,1399,Middle,Budget,2024.0,11.0,Low
266,C1267,Gujarat,I4,8152000.0,Male,55,2022-12-09 00:00:00,EMI,BMW Jaipur,59930,Senior,Mid-Range,2022.0,12.0,High
267,C1268,Gujarat,3 Series,5244000.0,Male,61,2022-10-28 00:00:00,Installment,BMW Ahmedabad,47251,Abw_Senior,Budget,2022.0,10.0,High
268,C1269,Unknown,7 Series,16535000.0,Male,41,2022-09-22 00:00:00,Cash,BMW Bangalore,23728,Adults,Ultra-Luxury,2022.0,9.0,Low
269,C1270,Rajasthan,X7,11195000.0,Other,54,Unknown_Date,Installment,BMW Kolkata,58311,Senior,Luxury,Unknown_Year,Unknow_Month,High
270,C1271,Delhi,M5,16202000.0,Female,24,2022-03-12 00:00:00,Installment,Unknown_Dealer,6364,Junior,Ultra-Luxury,2022.0,3.0,Low
271,C1272,Unknown,7 Series,14681000.0,Male,56,2022-11-19 00:00:00,Not_Specified,BMW Delhi South,10932,Senior,Luxury,2022.0,11.0,Low
272,C1273,Haryana,5 Series,7776000.0,Female,56,2023-07-25 00:00:00,Finance,BMW Jaipur,15775,Senior,Mid-Range,2023.0,7.0,Low
273,C1274,West Bengal,M5,18392000.0,Male,39,2023-10-01 00:00:00,Finance,BMW Mumbai,50562,Adults,Ultra-Luxury,2023.0,10.0,High
274,C1275,West Bengal,3 Series,4857000.0,Male,44,2023-05-03 00:00:00,Installment,BMW Delhi South,47420,Adults,Budget,2023.0,5.0,High
275,C1276,Punjab,X7,13758000.0,Not_specified,26,2023-06-27 00:00:00,Installment,BMW Chennai,48999,Middle,Luxury,2023.0,6.0,High
276,C1277,Maharashtra,Unknown,7979500.0,Male,40,2024-11-03 00:00:00,Not_Specified,BMW Kolkata,49338,Adults,Mid-Range,2024.0,11.0,High
277,C1278,Telangana,X1,4281000.0,Female,51,2023-05-03 00:00:00,Cash,BMW Bangalore,31517,Senior,Budget,2023.0,5.0,Low
278,C1279,Rajasthan,Z4,7946000.0,Female,28,2023-11-04 00:00:00,Cash,BMW Pune,11092,Middle,Mid-Range,2023.0,11.0,Low
279,C1280,Delhi,3 Series,5523000.0,Female,30,2022-02-12 00:00:00,Cash,BMW Pune,900,Middle,Budget,2022.0,2.0,Low
280,C1281,Punjab,3 Series,5582000.0,Female,34,2024-08-20 00:00:00,Cash,BMW Hyderabad,38207,Middle,Budget,2024.0,8.0,Low
281,C1282,West Bengal,5 Series,6533000.0,Male,24,2022-07-22 00:00:00,Finance,BMW Delhi South,1250,Junior,Mid-Range,2022.0,7.0,Low
282,C1283,Unknown,Z4,10140000.0,Female,52,2022-04-17 00:00:00,Cash,BMW Mumbai,16213,Senior,Luxury,2022.0,4.0,Low
283,C1284,Punjab,Unknown,7979500.0,Male,22,2024-08-05 00:00:00,EMI,BMW Hyderabad,58353,Junior,Mid-Range,2024.0,8.0,High
284,C1285,West Bengal,Z4,7676000.0,Female,45,2024-11-08 00:00:00,Cash,BMW Hyderabad,20472,Adults,Mid-Range,2024.0,11.0,Low
285,C1286,Gujarat,7 Series,17254000.0,Female,29,2024-03-14 00:00:00,Cash,BMW Ahmedabad,4444,Middle,Ultra-Luxury,2024.0,3.0,Low
286,C1287,Tamil Nadu,5 Series,7209000.0,Female,47,2024-11-24 00:00:00,Installment,BMW Delhi South,8620,Senior,Mid-Range,2024.0,11.0,Low
287,C1288,West Bengal,Z4,8458000.0,Female,65,2024-08-23 00:00:00,Not_Specified,BMW Kolkata,31054,Abw_Senior,Mid-Range,2024.0,8.0,Low
288,C1289,Delhi,X1,5029000.0,Not_specified,35,2022-02-06 00:00:00,Cash,BMW Ahmedabad,56804,Middle,Budget,2022.0,2.0,High
289,C1290,Unknown,X3,6908000.0,Not_specified,60,2024-09-21 00:00:00,Cash,BMW Kolkata,54198,Abw_Senior,Mid-Range,2024.0,9.0,High
290,C1291,Telangana,Unknown,7979500.0,Male,56,2022-04-10 00:00:00,EMI,BMW Pune,30234,Senior,Mid-Range,2022.0,4.0,Low
291,C1292,Delhi,3 Series,5567000.0,Female,32,2024-09-05 00:00:00,Cash,BMW Mumbai,11722,Middle,Budget,2024.0,9.0,Low
292,C1293,Rajasthan,3 Series,4849000.0,Male,28,2024-06-03 00:00:00,Cash,BMW Hyderabad,36067,Middle,Budget,2024.0,6.0,Low
293,C1294,Haryana,3 Series,4987000.0,Male,47,2023-05-21 00:00:00,Cash,BMW Chennai,231,Senior,Budget,2023.0,5.0,Low
294,C1295,Delhi,5 Series,7549000.0,Other,36,2023-07-15 00:00:00,Cash,BMW Chennai,57813,Adults,Mid-Range,2023.0,7.0,High
295,C1296,Rajasthan,X3,5946000.0,Male,23,2023-03-06 00:00:00,Cash,BMW Bangalore,44046,Junior,Budget,2023.0,3.0,High
296,C1297,Uttar Pradesh,3 Series,5555000.0,Male,41,2022-07-27 00:00:00,Cash,BMW Delhi South,45522,Adults,Budget,2022.0,7.0,High
297,C1298,Maharashtra,7 Series,17497000.0,Female,51,2024-05-14 00:00:00,Finance,BMW Bangalore,40258,Senior,Ultra-Luxury,2024.0,5.0,High
298,C1299,Punjab,5 Series,8496000.0,Male,45,2024-02-24 00:00:00,Not_Specified,BMW Hyderabad,2981,Adults,Mid-Range,2024.0,2.0,Low
299,C1300,Rajasthan,X1,4834000.0,Female,40,2022-02-22 00:00:00,Cash,BMW Bangalore,12715,Adults,Budget,2022.0,2.0,Low
300,C1301,Punjab,5 Series,8468000.0,Other,55,2023-02-12 00:00:00,Finance,Unknown_Dealer,28980,Senior,Mid-Range,2023.0,2.0,Low
301,C1302,Haryana,M5,13534000.0,Female,45,2024-10-13 00:00:00,EMI,BMW Ahmedabad,33364,Adults,Luxury,2024.0,10.0,Low
302,C1303,Punjab,Z4,8330000.0,Male,32,2022-02-15 00:00:00,Cash,BMW Chennai,22289,Middle,Mid-Range,2022.0,2.0,Low
303,C1304,Punjab,M3,8551000.0,Male,34,2024-04-09 00:00:00,Cash,BMW Jaipur,57139,Middle,Mid-Range,2024.0,4.0,High
304,C1305,Delhi,X7,13419000.0,Male,61,2022-09-05 00:00:00,Installment,BMW Pune,9785,Abw_Senior,Luxury,2022.0,9.0,Low
305,C1306,Tamil Nadu,7 Series,16638000.0,Male,57,2024-06-18 00:00:00,Cash,BMW Kolkata,59198,Abw_Senior,Ultra-Luxury,2024.0,6.0,High
306,C1307,Delhi,X5,9493000.0,Other,60,2022-12-25 00:00:00,Cash,BMW Jaipur,8637,Abw_Senior,Mid-Range,2022.0,12.0,Low
307,C1308,Delhi,X7,13123000.0,Other,51,2024-05-12 00:00:00,Finance,BMW Ahmedabad,29706,Senior,Luxury,2024.0,5.0,Low
308,C1309,Tamil Nadu,M5,15772000.0,Female,59,2023-12-26 00:00:00,Installment,BMW Pune,34914,Abw_Senior,Ultra-Luxury,2023.0,12.0,Low
309,C1310,Telangana,Z4,8855000.0,Female,34,2023-10-26 00:00:00,Installment,BMW Bangalore,43424,Middle,Mid-Range,2023.0,10.0,High
310,C1311,Punjab,X7,13744000.0,Other,32,2024-02-22 00:00:00,Cash,BMW Delhi South,14261,Middle,Luxury,2024.0,2.0,Low
311,C1312,Maharashtra,3 Series,5947000.0,Other,33,2023-10-26 00:00:00,Not_Specified,BMW Ahmedabad,5851,Middle,Budget,2023.0,10.0,Low
312,C1313,Unknown,3 Series,6316000.0,Male,21,2023-02-28 00:00:00,Installment,BMW Hyderabad,46020,Junior,Mid-Range,2023.0,2.0,High
313,C1314,Unknown,Unknown,7979500.0,Not_specified,48,2023-03-07 00:00:00,Finance,BMW Hyderabad,10110,Senior,Mid-Range,2023.0,3.0,Low
314,C1315,Gujarat,3 Series,4697000.0,Other,63,2022-03-21 00:00:00,Not_Specified,BMW Jaipur,11783,Abw_Senior,Budget,2022.0,3.0,Low
315,C1316,Delhi,Unknown,7979500.0,Female,35,2024-08-28 00:00:00,EMI,BMW Hyderabad,35793,Middle,Mid-Range,2024.0,8.0,Low
316,C1317,Delhi,5 Series,8225000.0,Female,30,2023-08-17 00:00:00,Installment,BMW Chennai,30962,Middle,Mid-Range,2023.0,8.0,Low
317,C1318,Karnataka,IX,12775000.0,Male,51,2024-12-11 00:00:00,EMI,BMW Pune,25146,Senior,Luxury,2024.0,12.0,Low
318,C1319,Punjab,I4,6100000.0,Male,63,2024-01-10 00:00:00,Installment,BMW Pune,16518,Abw_Senior,Mid-Range,2024.0,1.0,Low
319,C1320,West Bengal,X1,4993000.0,Male,63,2023-12-08 00:00:00,Cash,BMW Ahmedabad,5531,Abw_Senior,Budget,2023.0,12.0,Low
320,C1321,Gujarat,5 Series,8351000.0,Other,61,2023-01-21 00:00:00,Installment,BMW Mumbai,10983,Abw_Senior,Mid-Range,2023.0,1.0,Low
321,C1322,Punjab,Z4,8355000.0,Male,45,2023-11-11 00:00:00,Finance,BMW Hyderabad,40008,Adults,Mid-Range,2023.0,11.0,High
322,C1323,Haryana,I4,6604000.0,Not_specified,50,2024-11-19 00:00:00,Cash,BMW Ahmedabad,25731,Senior,Mid-Range,2024.0,11.0,Low
323,C1324,Karnataka,X1,4473000.0,Female,35,2022-01-20 00:00:00,Installment,BMW Jaipur,41817,Middle,Budget,2022.0,1.0,High
324,C1325,Karnataka,3 Series,5399000.0,Male,28,2023-11-03 00:00:00,EMI,BMW Hyderabad,45365,Middle,Budget,2023.0,11.0,High
325,C1326,Haryana,I4,6347000.0,Not_specified,45,2023-03-15 00:00:00,Installment,BMW Jaipur,25731,Adults,Mid-Range,2023.0,3.0,Low
326,C1327,Gujarat,X1,4169000.0,Male,45,Unknown_Date,Cash,BMW Bangalore,42786,Adults,Budget,Unknown_Year,Unknow_Month,High
327,C1328,Unknown,I4,6321000.0,Male,53,2023-07-13 00:00:00,Cash,BMW Hyderabad,45171,Senior,Mid-Range,2023.0,7.0,High
328,C1329,Kerala,M3,10342000.0,Female,44,2022-08-25 00:00:00,Cash,Unknown_Dealer,2577,Adults,Luxury,2022.0,8.0,Low
329,C1330,Punjab,Unknown,7979500.0,Female,61,2024-08-24 00:00:00,Installment,BMW Mumbai,47168,Abw_Senior,Mid-Range,2024.0,8.0,High
330,C1331,Unknown,X5,10711000.0,Other,45,2024-01-13 00:00:00,Cash,Unknown_Dealer,9761,Adults,Luxury,2024.0,1.0,Low
331,C1332,Karnataka,X3,6384000.0,Male,36,2022-02-11 00:00:00,Installment,BMW Kolkata,40057,Adults,Mid-Range,2022.0,2.0,High
332,C1333,Tamil Nadu,X7,13312000.0,Female,48,2024-11-13 00:00:00,Cash,BMW Ahmedabad,54816,Senior,Luxury,2024.0,11.0,High
333,C1334,Delhi,5 Series,7256000.0,Not_specified,31,2023-04-19 00:00:00,Not_Specified,BMW Bangalore,1024,Middle,Mid-Range,2023.0,4.0,Low
334,C1335,Maharashtra,5 Series,8806000.0,Male,47,2023-05-12 00:00:00,EMI,Unknown_Dealer,29518,Senior,Mid-Range,2023.0,5.0,Low
335,C1336,Delhi,5 Series,8258000.0,Male,43,2022-02-17 00:00:00,Installment,BMW Kolkata,50484,Adults,Mid-Range,2022.0,2.0,High
336,C1337,Delhi,7 Series,14231000.0,Other,52,2022-01-21 00:00:00,Not_Specified,BMW Pune,21908,Senior,Luxury,2022.0,1.0,Low
337,C1338,Delhi,X3,5763000.0,Male,22,2022-12-15 00:00:00,Finance,BMW Chennai,51050,Junior,Budget,2022.0,12.0,High
338,C1339,Telangana,X1,5195000.0,Other,58,2022-04-20 00:00:00,Finance,BMW Bangalore,29998,Abw_Senior,Budget,2022.0,4.0,Low
339,C1340,West Bengal,7 Series,15481000.0,Male,29,2023-03-25 00:00:00,EMI,BMW Jaipur,10275,Middle,Ultra-Luxury,2023.0,3.0,Low
340,C1341,Uttar Pradesh,Z4,7482000.0,Female,58,2022-12-14 00:00:00,Not_Specified,BMW Jaipur,14575,Abw_Senior,Mid-Range,2022.0,12.0,Low
341,C1342,Gujarat,X1,4483000.0,Male,48,2024-02-15 00:00:00,Cash,BMW Hyderabad,14287,Senior,Budget,2024.0,2.0,Low
342,C1343,Karnataka,X1,4581000.0,Male,50,2024-06-07 00:00:00,Cash,BMW Delhi South,25223,Senior,Budget,2024.0,6.0,Low
343,C1344,Delhi,IX,11989000.0,Female,64,2024-01-17 00:00:00,Installment,BMW Hyderabad,23959,Abw_Senior,Luxury,2024.0,1.0,Low
344,C1345,Kerala,5 Series,8076000.0,Female,29,2022-11-16 00:00:00,Installment,BMW Ahmedabad,23115,Middle,Mid-Range,2022.0,11.0,Low
345,C1346,Maharashtra,I4,6083000.0,Female,51,2024-05-15 00:00:00,Installment,BMW Chennai,58451,Senior,Mid-Range,2024.0,5.0,High
346,C1347,Unknown,5 Series,7132000.0,Male,28,2022-09-21 00:00:00,Cash,BMW Kolkata,22721,Middle,Mid-Range,2022.0,9.0,Low
347,C1348,Maharashtra,IX,10994000.0,Female,47,2023-08-19 00:00:00,Cash,BMW Pune,11254,Senior,Luxury,2023.0,8.0,Low
348,C1349,Kerala,IX,13433000.0,Other,31,2024-06-05 00:00:00,Cash,BMW Bangalore,15591,Middle,Luxury,2024.0,6.0,Low
349,C1350,Gujarat,3 Series,5176000.0,Male,63,2023-08-18 00:00:00,Installment,BMW Mumbai,26513,Abw_Senior,Budget,2023.0,8.0,Low
350,C1351,Delhi,M3,8594000.0,Female,62,2023-10-22 00:00:00,Cash,BMW Ahmedabad,45163,Abw_Senior,Mid-Range,2023.0,10.0,High
351,C1352,Delhi,3 Series,5555000.0,Female,49,2024-07-11 00:00:00,EMI,BMW Chennai,1477,Senior,Budget,2024.0,7.0,Low
352,C1353,Karnataka,Unknown,7979500.0,Female,52,2022-11-12 00:00:00,Not_Specified,BMW Ahmedabad,25304,Senior,Mid-Range,2022.0,11.0,Low
353,C1354,Kerala,IX,14306000.0,Other,47,2024-07-24 00:00:00,Installment,BMW Bangalore,13617,Senior,Luxury,2024.0,7.0,Low
354,C1355,Haryana,X5,11178000.0,Male,47,2022-09-15 00:00:00,Not_Specified,BMW Pune,36298,Senior,Luxury,2022.0,9.0,Low
355,C1356,Punjab,IX,12275000.0,Male,30,2024-04-08 00:00:00,Cash,BMW Chennai,1864,Middle,Luxury,2024.0,4.0,Low
356,C1357,Karnataka,M5,16327000.0,Other,65,2024-01-10 00:00:00,Cash,BMW Bangalore,20950,Abw_Senior,Ultra-Luxury,2024.0,1.0,Low
357,C1358,Kerala,5 Series,6514000.0,Female,24,2022-07-09 00:00:00,Cash,Unknown_Dealer,21142,Junior,Mid-Range,2022.0,7.0,Low
358,C1359,Punjab,I4,7629000.0,Female,45,2023-08-14 00:00:00,Cash,BMW Delhi South,14278,Adults,Mid-Range,2023.0,8.0,Low
359,C1360,Rajasthan,X7,12949000.0,Male,22,2023-03-27 00:00:00,Finance,BMW Bangalore,46523,Junior,Luxury,2023.0,3.0,High
360,C1361,Tamil Nadu,Z4,7608000.0,Male,29,2023-12-25 00:00:00,Cash,BMW Hyderabad,2786,Middle,Mid-Range,2023.0,12.0,Low
361,C1362,Delhi,5 Series,6687000.0,Male,27,2022-07-10 00:00:00,Cash,BMW Delhi South,9539,Middle,Mid-Range,2022.0,7.0,Low
362,C1363,Kerala,M5,14046000.0,Female,53,2024-01-17 00:00:00,EMI,BMW Bangalore,59091,Senior,Luxury,2024.0,1.0,High
363,C1364,Tamil Nadu,7 Series,18755000.0,Male,49,2023-07-14 00:00:00,Not_Specified,BMW Delhi South,49899,Senior,Ultra-Luxury,2023.0,7.0,High
364,C1365,Tamil Nadu,3 Series,5629000.0,Male,26,2023-08-20 00:00:00,Cash,BMW Chennai,36301,Middle,Budget,2023.0,8.0,Low
365,C1366,Maharashtra,7 Series,18398000.0,Female,45,2024-02-13 00:00:00,Installment,BMW Delhi South,9395,Adults,Ultra-Luxury,2024.0,2.0,Low
366,C1367,Tamil Nadu,5 Series,6545000.0,Not_specified,28,2023-05-25 00:00:00,Not_Specified,BMW Ahmedabad,31183,Middle,Mid-Range,2023.0,5.0,Low
367,C1368,Punjab,I4,6311000.0,Other,52,2022-02-24 00:00:00,Cash,BMW Mumbai,11737,Senior,Mid-Range,2022.0,2.0,Low
368,C1369,Gujarat,IX,12812000.0,Other,50,2023-09-09 00:00:00,Cash,BMW Mumbai,28207,Senior,Luxury,2023.0,9.0,Low
369,C1370,Delhi,M3,9475500.0,Male,56,2024-03-16 00:00:00,Not_Specified,BMW Kolkata,50070,Senior,Mid-Range,2024.0,3.0,High
370,C1371,Punjab,5 Series,7851000.0,Male,52,2024-06-25 00:00:00,Cash,BMW Jaipur,2956,Senior,Mid-Range,2024.0,6.0,Low
371,C1372,Maharashtra,M3,9340000.0,Not_specified,45,2022-10-11 00:00:00,Installment,BMW Pune,7501,Adults,Mid-Range,2022.0,10.0,Low
372,C1373,Haryana,X3,6574000.0,Not_specified,45,2022-06-13 00:00:00,Installment,BMW Kolkata,6557,Adults,Mid-Range,2022.0,6.0,Low
373,C1374,Punjab,M3,8629000.0,Female,52,2022-07-09 00:00:00,EMI,BMW Jaipur,26347,Senior,Mid-Range,2022.0,7.0,Low
374,C1375,Karnataka,X7,13743000.0,Other,48,2024-05-17 00:00:00,Finance,BMW Chennai,27152,Senior,Luxury,2024.0,5.0,Low
375,C1376,Delhi,5 Series,8687000.0,Male,57,2024-08-09 00:00:00,Cash,Unknown_Dealer,13149,Abw_Senior,Mid-Range,2024.0,8.0,Low
376,C1377,Gujarat,IX,13745000.0,Female,61,2023-06-11 00:00:00,Installment,BMW Hyderabad,15629,Abw_Senior,Luxury,2023.0,6.0,Low
377,C1378,Telangana,IX,12149000.0,Male,33,2023-05-22 00:00:00,Cash,BMW Kolkata,25146,Middle,Luxury,2023.0,5.0,Low
378,C1379,Karnataka,M3,10075000.0,Not_specified,44,2023-12-27 00:00:00,Installment,Unknown_Dealer,43530,Adults,Luxury,2023.0,12.0,High
379,C1380,West Bengal,5 Series,8697000.0,Female,42,2024-12-08 00:00:00,Installment,BMW Bangalore,14031,Adults,Mid-Range,2024.0,12.0,Low
380,C1381,West Bengal,X3,6641000.0,Female,55,2023-03-12 00:00:00,EMI,BMW Mumbai,42296,Senior,Mid-Range,2023.0,3.0,High
381,C1382,Delhi,Z4,7978000.0,Female,64,2023-07-01 00:00:00,EMI,BMW Pune,5914,Abw_Senior,Mid-Range,2023.0,7.0,Low
382,C1383,Punjab,7 Series,18413000.0,Female,62,2022-08-16 00:00:00,Finance,BMW Hyderabad,57459,Abw_Senior,Ultra-Luxury,2022.0,8.0,High
383,C1384,Uttar Pradesh,I4,7191000.0,Female,50,2024-11-06 00:00:00,Cash,BMW Mumbai,26257,Senior,Mid-Range,2024.0,11.0,Low
384,C1385,Karnataka,X7,11768000.0,Male,59,2023-08-16 00:00:00,Finance,BMW Pune,13019,Abw_Senior,Luxury,2023.0,8.0,Low
385,C1386,Unknown,Unknown,7979500.0,Female,22,2024-10-21 00:00:00,Cash,BMW Chennai,17156,Junior,Mid-Range,2024.0,10.0,Low
386,C1387,Unknown,X1,4771000.0,Male,57,2023-08-27 00:00:00,Installment,BMW Chennai,56487,Abw_Senior,Budget,2023.0,8.0,High
387,C1388,Punjab,Unknown,7979500.0,Male,48,2023-12-22 00:00:00,Not_Specified,BMW Bangalore,1885,Senior,Mid-Range,2023.0,12.0,Low
388,C1389,Delhi,Z4,8325000.0,Male,51,2024-07-22 00:00:00,Not_Specified,BMW Jaipur,16792,Senior,Mid-Range,2024.0,7.0,Low
389,C1390,Delhi,M3,11171000.0,Male,21,2023-07-22 00:00:00,Cash,BMW Jaipur,11755,Junior,Luxury,2023.0,7.0,Low
390,C1391,Haryana,3 Series,4929000.0,Male,37,2022-08-28 00:00:00,Not_Specified,BMW Pune,59165,Adults,Budget,2022.0,8.0,High
391,C1392,West Bengal,M3,9524000.0,Other,30,2024-02-08 00:00:00,Installment,BMW Bangalore,2350,Middle,Mid-Range,2024.0,2.0,Low
392,C1393,Delhi,X1,4008000.0,Other,43,2023-04-08 00:00:00,Installment,BMW Chennai,56896,Adults,Budget,2023.0,4.0,High
393,C1394,West Bengal,7 Series,16868000.0,Male,47,Unknown_Date,Installment,BMW Hyderabad,24481,Senior,Ultra-Luxury,Unknown_Year,Unknow_Month,Low
394,C1395,Haryana,3 Series,4731000.0,Other,50,2024-11-01 00:00:00,Cash,BMW Ahmedabad,47942,Senior,Budget,2024.0,11.0,High
395,C1396,Gujarat,7 Series,18434000.0,Male,25,2022-09-07 00:00:00,Not_Specified,BMW Delhi South,1344,Junior,Ultra-Luxury,2022.0,9.0,Low
396,C1397,Unknown,IX,12918000.0,Male,52,2023-11-20 00:00:00,Installment,BMW Ahmedabad,33597,Senior,Luxury,2023.0,11.0,Low
397,C1398,Unknown,5 Series,7080000.0,Not_specified,44,2023-02-02 00:00:00,Installment,BMW Bangalore,32461,Adults,Mid-Range,2023.0,2.0,Low
398,C1399,Karnataka,IX,12167000.0,Male,30,2023-04-17 00:00:00,Cash,Unknown_Dealer,5015,Middle,Luxury,2023.0,4.0,Low
399,C1400,Maharashtra,X1,3974000.0,Male,43,2024-01-04 00:00:00,Cash,BMW Hyderabad,2966,Adults,Budget,2024.0,1.0,Low
400,C1401,Punjab,M3,10027000.0,Male,42,2022-06-04 00:00:00,EMI,BMW Delhi South,28429,Adults,Luxury,2022.0,6.0,Low
401,C1402,Tamil Nadu,X1,4095000.0,Other,40,2023-12-22 00:00:00,Installment,BMW Bangalore,31881,Adults,Budget,2023.0,12.0,Low
402,C1403,Maharashtra,7 Series,18410000.0,Female,48,2024-03-04 00:00:00,Cash,BMW Kolkata,23728,Senior,Ultra-Luxury,2024.0,3.0,Low
403,C1404,Gujarat,3 Series,6530000.0,Female,33,2023-11-01 00:00:00,Not_Specified,BMW Hyderabad,55614,Middle,Mid-Range,2023.0,11.0,High
404,C1405,Punjab,X3,6634000.0,Other,35,2023-11-10 00:00:00,Not_Specified,BMW Kolkata,7663,Middle,Mid-Range,2023.0,11.0,Low
405,C1406,Kerala,3 Series,6018000.0,Female,51,2022-10-22 00:00:00,Cash,BMW Bangalore,57879,Senior,Mid-Range,2022.0,10.0,High
406,C1407,Maharashtra,M5,17493000.0,Female,39,2023-06-03 00:00:00,Cash,BMW Delhi South,52001,Adults,Ultra-Luxury,2023.0,6.0,High
407,C1408,Punjab,Z4,8458000.0,Male,43,2024-01-26 00:00:00,Installment,BMW Jaipur,14856,Adults,Mid-Range,2024.0,1.0,Low
408,C1409,West Bengal,M3,10685000.0,Male,30,2024-04-11 00:00:00,Cash,BMW Kolkata,55154,Middle,Luxury,2024.0,4.0,High
409,C1410,Tamil Nadu,X3,6679000.0,Female,44,2023-09-16 00:00:00,Finance,BMW Ahmedabad,53684,Adults,Mid-Range,2023.0,9.0,High
410,C1411,Delhi,X1,5037000.0,Other,42,2023-06-23 00:00:00,Installment,BMW Bangalore,49362,Adults,Budget,2023.0,6.0,High
411,C1412,Telangana,3 Series,6218000.0,Other,54,2022-05-08 00:00:00,Installment,BMW Delhi South,22171,Senior,Mid-Range,2022.0,5.0,Low
412,C1413,Uttar Pradesh,X1,3922000.0,Male,45,2024-11-17 00:00:00,EMI,BMW Ahmedabad,59587,Adults,Budget,2024.0,11.0,High
413,C1414,Gujarat,Unknown,7979500.0,Other,62,2024-11-15 00:00:00,Not_Specified,BMW Chennai,57735,Abw_Senior,Mid-Range,2024.0,11.0,High
414,C1415,Haryana,Unknown,7979500.0,Male,54,2022-09-18 00:00:00,Cash,BMW Mumbai,1827,Senior,Mid-Range,2022.0,9.0,Low
415,C1416,West Bengal,Z4,9701000.0,Female,24,2024-04-06 00:00:00,Installment,BMW Kolkata,19527,Junior,Mid-Range,2024.0,4.0,Low
416,C1417,Haryana,Z4,9621000.0,Female,43,2024-10-22 00:00:00,Installment,BMW Delhi South,21485,Adults,Mid-Range,2024.0,10.0,Low
417,C1418,Kerala,3 Series,4864000.0,Female,45,2023-04-15 00:00:00,Not_Specified,BMW Jaipur,36632,Adults,Budget,2023.0,4.0,Low
418,C1419,West Bengal,5 Series,8046000.0,Other,47,2022-08-23 00:00:00,Installment,BMW Chennai,29847,Senior,Mid-Range,2022.0,8.0,Low
419,C1420,Kerala,X7,13787000.0,Male,23,2023-10-06 00:00:00,Cash,BMW Bangalore,51366,Junior,Luxury,2023.0,10.0,High
420,C1421,Punjab,IX,11105000.0,Female,56,2023-08-19 00:00:00,Finance,BMW Hyderabad,31144,Senior,Luxury,2023.0,8.0,Low
421,C1422,Gujarat,3 Series,5647000.0,Other,30,2024-11-20 00:00:00,Not_Specified,BMW Ahmedabad,28200,Middle,Budget,2024.0,11.0,Low
422,C1423,Delhi,I4,7532000.0,Male,56,2022-04-20 00:00:00,Installment,BMW Kolkata,32940,Senior,Mid-Range,2022.0,4.0,Low
423,C1424,Uttar Pradesh,X1,4258000.0,Other,26,2023-10-02 00:00:00,Cash,BMW Ahmedabad,28640,Middle,Budget,2023.0,10.0,Low
424,C1425,Haryana,Unknown,7979500.0,Male,26,2022-05-05 00:00:00,Installment,BMW Bangalore,20106,Middle,Mid-Range,2022.0,5.0,Low
425,C1426,Delhi,M3,8678000.0,Female,41,2023-07-27 00:00:00,Installment,BMW Jaipur,38406,Adults,Mid-Range,2023.0,7.0,Low
426,C1427,Unknown,X7,12275000.0,Female,45,2022-05-18 00:00:00,Cash,BMW Pune,37240,Adults,Luxury,2022.0,5.0,Low
427,C1428,Rajasthan,3 Series,5394000.0,Not_specified,45,Unknown_Date,Cash,BMW Pune,39181,Adults,Budget,Unknown_Year,Unknow_Month,Low
428,C1429,Kerala,7 Series,16638000.0,Female,40,2022-12-18 00:00:00,Installment,BMW Jaipur,33083,Adults,Ultra-Luxury,2022.0,12.0,Low
429,C1430,Haryana,I4,8350000.0,Female,42,2023-01-23 00:00:00,Cash,BMW Jaipur,25731,Adults,Mid-Range,2023.0,1.0,Low
430,C1431,Uttar Pradesh,X1,4700000.0,Not_specified,55,2024-02-18 00:00:00,Cash,BMW Delhi South,23133,Senior,Budget,2024.0,2.0,Low
431,C1432,Kerala,Unknown,7979500.0,Male,65,2023-04-15 00:00:00,Cash,BMW Pune,44600,Abw_Senior,Mid-Range,2023.0,4.0,High
432,C1433,Karnataka,IX,13595000.0,Female,23,2024-07-10 00:00:00,Not_Specified,BMW Delhi South,57010,Junior,Luxury,2024.0,7.0,High
433,C1434,Uttar Pradesh,7 Series,17295000.0,Male,25,2022-05-19 00:00:00,EMI,BMW Chennai,55552,Junior,Ultra-Luxury,2022.0,5.0,High
434,C1435,West Bengal,3 Series,4679000.0,Male,41,2023-02-22 00:00:00,Cash,BMW Chennai,3077,Adults,Budget,2023.0,2.0,Low
435,C1436,Delhi,M3,8092000.0,Male,35,2022-07-04 00:00:00,Installment,BMW Delhi South,1826,Middle,Mid-Range,2022.0,7.0,Low
436,C1437,Haryana,I4,6556000.0,Male,42,2022-10-20 00:00:00,Cash,BMW Jaipur,8180,Adults,Mid-Range,2022.0,10.0,Low
437,C1438,Delhi,Unknown,7979500.0,Female,45,2023-01-10 00:00:00,Cash,Unknown_Dealer,3421,Adults,Mid-Range,2023.0,1.0,Low
438,C1439,Tamil Nadu,X1,4192000.0,Male,50,2024-04-10 00:00:00,Cash,BMW Kolkata,33896,Senior,Budget,2024.0,4.0,Low
439,C1440,Tamil Nadu,X1,4762000.0,Female,57,2023-07-16 00:00:00,Cash,BMW Mumbai,3964,Abw_Senior,Budget,2023.0,7.0,Low
440,C1441,Kerala,IX,12651000.0,Other,40,2022-09-19 00:00:00,Cash,BMW Hyderabad,22532,Adults,Luxury,2022.0,9.0,Low
441,C1442,Rajasthan,X5,9211000.0,Other,59,2024-06-20 00:00:00,Cash,BMW Delhi South,29773,Abw_Senior,Mid-Range,2024.0,6.0,Low
442,C1443,Punjab,Z4,9962000.0,Other,60,2023-12-13 00:00:00,Cash,BMW Ahmedabad,648,Abw_Senior,Mid-Range,2023.0,12.0,Low
443,C1444,Tamil Nadu,3 Series,5234000.0,Female,23,2023-08-03 00:00:00,Finance,Unknown_Dealer,16119,Junior,Budget,2023.0,8.0,Low
444,C1445,West Bengal,X7,11146000.0,Female,42,2022-06-26 00:00:00,Not_Specified,BMW Delhi South,7765,Adults,Luxury,2022.0,6.0,Low
445,C1446,Rajasthan,7 Series,16582000.0,Not_specified,61,2024-07-10 00:00:00,Finance,BMW Chennai,3490,Abw_Senior,Ultra-Luxury,2024.0,7.0,Low
446,C1447,Gujarat,5 Series,6924000.0,Female,31,2024-09-12 00:00:00,Cash,BMW Ahmedabad,46693,Middle,Mid-Range,2024.0,9.0,High
447,C1448,Punjab,5 Series,7079000.0,Male,34,2022-07-07 00:00:00,Not_Specified,BMW Jaipur,10302,Middle,Mid-Range,2022.0,7.0,Low
448,C1449,Karnataka,3 Series,6122000.0,Female,45,2023-07-15 00:00:00,Finance,BMW Kolkata,20776,Adults,Mid-Range,2023.0,7.0,Low
449,C1450,Delhi,Z4,8015000.0,Male,53,2023-04-04 00:00:00,Cash,Unknown_Dealer,13127,Senior,Mid-Range,2023.0,4.0,Low
450,C1451,West Bengal,IX,13330000.0,Female,59,Unknown_Date,EMI,BMW Pune,53890,Abw_Senior,Luxury,Unknown_Year,Unknow_Month,High
451,C1452,Unknown,X1,4568000.0,Male,46,2022-08-08 00:00:00,Cash,BMW Ahmedabad,51898,Senior,Budget,2022.0,8.0,High
452,C1453,Maharashtra,X1,4155000.0,Female,29,2024-01-16 00:00:00,Not_Specified,BMW Hyderabad,44942,Middle,Budget,2024.0,1.0,High
453,C1454,Punjab,M3,9475500.0,Male,30,2024-11-26 00:00:00,Installment,BMW Hyderabad,4175,Middle,Mid-Range,2024.0,11.0,Low
454,C1455,Tamil Nadu,M3,9969000.0,Female,31,Unknown_Date,Installment,BMW Delhi South,59725,Middle,Mid-Range,Unknown_Year,Unknow_Month,High
455,C1456,Telangana,IX,12970000.0,Male,31,2023-04-03 00:00:00,Cash,BMW Delhi South,25493,Middle,Luxury,2023.0,4.0,Low
456,C1457,Gujarat,7 Series,15335000.0,Male,59,2022-09-23 00:00:00,Cash,BMW Bangalore,29211,Abw_Senior,Ultra-Luxury,2022.0,9.0,Low
457,C1458,Telangana,M3,11102000.0,Male,26,2023-06-23 00:00:00,Cash,BMW Hyderabad,16327,Middle,Luxury,2023.0,6.0,Low
458,C1459,Maharashtra,3 Series,5415000.0,Female,46,2022-05-21 00:00:00,Installment,BMW Chennai,59554,Senior,Budget,2022.0,5.0,High
459,C1460,Tamil Nadu,M5,13590000.0,Female,47,2024-01-15 00:00:00,Cash,BMW Hyderabad,22521,Senior,Luxury,2024.0,1.0,Low
460,C1461,Unknown,X3,5549000.0,Female,63,2022-02-18 00:00:00,Cash,BMW Bangalore,30853,Abw_Senior,Budget,2022.0,2.0,Low
461,C1462,Uttar Pradesh,X1,4781000.0,Not_specified,31,2024-05-05 00:00:00,Installment,BMW Mumbai,58503,Middle,Budget,2024.0,5.0,High
462,C1463,Delhi,X7,12827000.0,Male,24,2022-08-06 00:00:00,Not_Specified,BMW Mumbai,954,Junior,Luxury,2022.0,8.0,Low
463,C1464,Karnataka,Z4,10077000.0,Male,45,2023-06-18 00:00:00,Not_Specified,BMW Hyderabad,7917,Adults,Luxury,2023.0,6.0,Low
464,C1465,Haryana,5 Series,7549000.0,Female,50,2023-11-20 00:00:00,Installment,BMW Hyderabad,19761,Senior,Mid-Range,2023.0,11.0,Low
465,C1466,Tamil Nadu,5 Series,7036000.0,Not_specified,64,2022-06-06 00:00:00,Cash,BMW Delhi South,28980,Abw_Senior,Mid-Range,2022.0,6.0,Low
466,C1467,Delhi,Unknown,7979500.0,Female,53,2022-01-20 00:00:00,Not_Specified,BMW Chennai,40616,Senior,Mid-Range,2022.0,1.0,High
467,C1468,Punjab,IX,11048000.0,Female,59,2023-09-03 00:00:00,Cash,Unknown_Dealer,51890,Abw_Senior,Luxury,2023.0,9.0,High
468,C1469,Punjab,X1,4186000.0,Female,45,2022-11-23 00:00:00,Not_Specified,Unknown_Dealer,21078,Adults,Budget,2022.0,11.0,Low
469,C1470,Karnataka,5 Series,6559000.0,Male,34,2024-08-04 00:00:00,Cash,BMW Pune,10758,Middle,Mid-Range,2024.0,8.0,Low
470,C1471,Uttar Pradesh,Z4,8127000.0,Female,38,2023-07-13 00:00:00,Not_Specified,Unknown_Dealer,39937,Adults,Mid-Range,2023.0,7.0,Low
471,C1472,Punjab,X1,5025000.0,Male,59,2022-05-13 00:00:00,EMI,BMW Hyderabad,36840,Abw_Senior,Budget,2022.0,5.0,Low
472,C1473,Gujarat,5 Series,7549000.0,Female,52,2023-12-12 00:00:00,Installment,BMW Hyderabad,28980,Senior,Mid-Range,2023.0,12.0,Low
473,C1474,Unknown,5 Series,6885000.0,Female,53,2023-12-02 00:00:00,Installment,BMW Chennai,28980,Senior,Mid-Range,2023.0,12.0,Low
474,C1475,Maharashtra,3 Series,5178000.0,Male,36,2022-04-01 00:00:00,Not_Specified,BMW Hyderabad,46272,Adults,Budget,2022.0,4.0,High
475,C1476,Rajasthan,X1,4086000.0,Not_specified,58,2024-04-02 00:00:00,EMI,BMW Chennai,49039,Abw_Senior,Budget,2024.0,4.0,High
476,C1477,Uttar Pradesh,5 Series,6379000.0,Not_specified,62,2022-06-06 00:00:00,Cash,Unknown_Dealer,7224,Abw_Senior,Mid-Range,2022.0,6.0,Low
477,C1478,Uttar Pradesh,7 Series,13930000.0,Male,47,2022-06-11 00:00:00,Not_Specified,BMW Delhi South,18137,Senior,Luxury,2022.0,6.0,Low
478,C1479,Telangana,5 Series,7549000.0,Male,21,2022-07-02 00:00:00,EMI,BMW Kolkata,31013,Junior,Mid-Range,2022.0,7.0,Low
479,C1480,Haryana,M5,16874000.0,Female,44,2022-06-28 00:00:00,Cash,BMW Kolkata,57051,Adults,Ultra-Luxury,2022.0,6.0,High
480,C1481,Gujarat,X1,4773000.0,Female,44,Unknown_Date,Finance,BMW Mumbai,41535,Adults,Budget,Unknown_Year,Unknow_Month,High
481,C1482,Haryana,3 Series,5125000.0,Female,43,2023-11-28 00:00:00,EMI,BMW Jaipur,12784,Adults,Budget,2023.0,11.0,Low
482,C1483,Delhi,3 Series,5634000.0,Other,31,2023-11-18 00:00:00,Cash,BMW Delhi South,6912,Middle,Budget,2023.0,11.0,Low
483,C1484,Uttar Pradesh,M3,11076000.0,Male,63,2022-11-05 00:00:00,Finance,BMW Chennai,37746,Abw_Senior,Luxury,2022.0,11.0,Low
484,C1485,Haryana,Unknown,7979500.0,Not_specified,62,2023-08-04 00:00:00,Installment,BMW Delhi South,5841,Abw_Senior,Mid-Range,2023.0,8.0,Low
485,C1486,Rajasthan,X7,13656000.0,Not_specified,57,2024-09-07 00:00:00,Finance,BMW Ahmedabad,52266,Abw_Senior,Luxury,2024.0,9.0,High
486,C1487,Telangana,X7,12849000.0,Male,39,2023-03-20 00:00:00,Cash,BMW Jaipur,20980,Adults,Luxury,2023.0,3.0,Low
487,C1488,Tamil Nadu,I4,8392000.0,Female,52,2022-05-06 00:00:00,Installment,BMW Mumbai,56716,Senior,Mid-Range,2022.0,5.0,High
488,C1489,Unknown,IX,14334000.0,Male,56,2023-06-25 00:00:00,EMI,BMW Pune,45637,Senior,Luxury,2023.0,6.0,High
489,C1490,Unknown,X7,11646000.0,Male,40,2022-08-23 00:00:00,Cash,BMW Chennai,14295,Adults,Luxury,2022.0,8.0,Low
490,C1491,Maharashtra,M5,17113000.0,Male,45,2022-04-01 00:00:00,Cash,BMW Mumbai,7690,Adults,Ultra-Luxury,2022.0,4.0,Low
491,C1492,Maharashtra,3 Series,5555000.0,Female,46,2022-11-24 00:00:00,Installment,BMW Kolkata,56681,Senior,Budget,2022.0,11.0,High
492,C1493,Delhi,M5,13238000.0,Female,22,2023-05-23 00:00:00,Cash,BMW Hyderabad,31731,Junior,Luxury,2023.0,5.0,Low
493,C1494,Punjab,3 Series,4866000.0,Male,45,2024-09-16 00:00:00,Installment,BMW Chennai,43160,Adults,Budget,2024.0,9.0,High
494,C1495,Uttar Pradesh,X1,4699000.0,Male,57,2024-05-28 00:00:00,Installment,Unknown_Dealer,19567,Abw_Senior,Budget,2024.0,5.0,Low
495,C1496,Maharashtra,X1,4216000.0,Male,63,2023-11-12 00:00:00,Installment,BMW Delhi South,43425,Abw_Senior,Budget,2023.0,11.0,High
496,C1497,Rajasthan,3 Series,5252000.0,Female,58,2024-03-07 00:00:00,Cash,BMW Hyderabad,29888,Abw_Senior,Budget,2024.0,3.0,Low
497,C1498,Maharashtra,3 Series,5707000.0,Female,44,2024-10-06 00:00:00,Finance,BMW Hyderabad,28200,Adults,Budget,2024.0,10.0,Low
498,C1499,Karnataka,I4,6255000.0,Female,42,2023-05-05 00:00:00,Installment,BMW Hyderabad,14563,Adults,Mid-Range,2023.0,5.0,Low
499,C1500,Tamil Nadu,5 Series,7757000.0,Other,27,2023-09-09 00:00:00,Cash,BMW Ahmedabad,49274,Middle,Mid-Range,2023.0,9.0,High
